,Filename,Concentration / mM,Time Data,Current Data,Steady State,Run
0,1_IT_1.txt,312.875,"[ 0.1  0.2  0.3  0.4  0.5  0.6  0.7  0.8  0.9  1.   1.1  1.2  1.3  1.4
  1.5  1.6  1.7  1.8  1.9  2.   2.1  2.2  2.3  2.4  2.5  2.6  2.7  2.8
  2.9  3.   3.1  3.2  3.3  3.4  3.5  3.6  3.7  3.8  3.9  4.   4.1  4.2
  4.3  4.4  4.5  4.6  4.7  4.8  4.9  5.   5.1  5.2  5.3  5.4  5.5  5.6
  5.7  5.8  5.9  6.   6.1  6.2  6.3  6.4  6.5  6.6  6.7  6.8  6.9  7.
  7.1  7.2  7.3  7.4  7.5  7.6  7.7  7.8  7.9  8.   8.1  8.2  8.3  8.4
  8.5  8.6  8.7  8.8  8.9  9.   9.1  9.2  9.3  9.4  9.5  9.6  9.7  9.8
  9.9 10.  10.1 10.2 10.3 10.4 10.5 10.6 10.7 10.8 10.9 11.  11.1 11.2
 11.3 11.4 11.5 11.6 11.7 11.8 11.9 12.  12.1 12.2 12.3 12.4 12.5 12.6
 12.7 12.8 12.9 13.  13.1 13.2 13.3 13.4 13.5 13.6 13.7 13.8 13.9 14.
 14.1 14.2 14.3 14.4 14.5 14.6 14.7 14.8 14.9 15.  15.1 15.2 15.3 15.4
 15.5 15.6 15.7 15.8 15.9 16.  16.1 16.2 16.3 16.4 16.5 16.6 16.7 16.8
 16.9 17.  17.1 17.2 17.3 17.4 17.5 17.6 17.7 17.8 17.9 18.  18.1 18.2
 18.3 18.4 18.5 18.6 18.7 18.8 18.9 19.  19.1 19.2 19.3 19.4 19.5 19.6
 19.7 19.8 19.9 20.  20.1 20.2 20.3 20.4 20.5 20.6 20.7 20.8 20.9 21.
 21.1 21.2 21.3 21.4 21.5 21.6 21.7 21.8 21.9 22.  22.1 22.2 22.3 22.4
 22.5 22.6 22.7 22.8 22.9 23.  23.1 23.2 23.3 23.4 23.5 23.6 23.7 23.8
 23.9 24.  24.1 24.2 24.3 24.4 24.5 24.6 24.7 24.8 24.9 25.  25.1 25.2
 25.3 25.4 25.5 25.6 25.7 25.8 25.9 26.  26.1 26.2 26.3 26.4 26.5 26.6
 26.7 26.8 26.9 27.  27.1 27.2 27.3 27.4 27.5 27.6 27.7 27.8 27.9 28.
 28.1 28.2 28.3 28.4 28.5 28.6 28.7 28.8 28.9 29.  29.1 29.2 29.3 29.4
 29.5 29.6 29.7 29.8 29.9 30. ]","[[3.266e-10]
 [3.222e-10]
 [3.181e-10]
 [3.143e-10]
 [3.110e-10]
 [3.079e-10]
 [3.051e-10]
 [3.026e-10]
 [3.002e-10]
 [2.979e-10]
 [2.959e-10]
 [2.938e-10]
 [2.920e-10]
 [2.902e-10]
 [2.886e-10]
 [2.869e-10]
 [2.853e-10]
 [2.836e-10]
 [2.821e-10]
 [2.805e-10]
 [2.791e-10]
 [2.776e-10]
 [2.761e-10]
 [2.749e-10]
 [2.737e-10]
 [2.724e-10]
 [2.713e-10]
 [2.703e-10]
 [2.692e-10]
 [2.682e-10]
 [2.672e-10]
 [2.662e-10]
 [2.652e-10]
 [2.649e-10]
 [2.647e-10]
 [2.640e-10]
 [2.632e-10]
 [2.627e-10]
 [2.622e-10]
 [2.613e-10]
 [2.604e-10]
 [2.597e-10]
 [2.587e-10]
 [2.578e-10]
 [2.569e-10]
 [2.560e-10]
 [2.553e-10]
 [2.546e-10]
 [2.540e-10]
 [2.536e-10]
 [2.532e-10]
 [2.528e-10]
 [2.524e-10]
 [2.521e-10]
 [2.518e-10]
 [2.514e-10]
 [2.513e-10]
 [2.513e-10]
 [2.513e-10]
 [2.513e-10]
 [2.512e-10]
 [2.511e-10]
 [2.510e-10]
 [2.511e-10]
 [2.511e-10]
 [2.507e-10]
 [2.501e-10]
 [2.495e-10]
 [2.489e-10]
 [2.483e-10]
 [2.479e-10]
 [2.476e-10]
 [2.474e-10]
 [2.472e-10]
 [2.472e-10]
 [2.469e-10]
 [2.469e-10]
 [2.467e-10]
 [2.466e-10]
 [2.464e-10]
 [2.463e-10]
 [2.462e-10]
 [2.460e-10]
 [2.458e-10]
 [2.456e-10]
 [2.454e-10]
 [2.451e-10]
 [2.448e-10]
 [2.445e-10]
 [2.443e-10]
 [2.439e-10]
 [2.438e-10]
 [2.436e-10]
 [2.434e-10]
 [2.433e-10]
 [2.432e-10]
 [2.431e-10]
 [2.429e-10]
 [2.429e-10]
 [2.428e-10]
 [2.427e-10]
 [2.425e-10]
 [2.424e-10]
 [2.422e-10]
 [2.421e-10]
 [2.420e-10]
 [2.419e-10]
 [2.417e-10]
 [2.415e-10]
 [2.413e-10]
 [2.412e-10]
 [2.410e-10]
 [2.407e-10]
 [2.406e-10]
 [2.404e-10]
 [2.402e-10]
 [2.401e-10]
 [2.400e-10]
 [2.397e-10]
 [2.395e-10]
 [2.392e-10]
 [2.388e-10]
 [2.384e-10]
 [2.379e-10]
 [2.374e-10]
 [2.369e-10]
 [2.363e-10]
 [2.358e-10]
 [2.351e-10]
 [2.345e-10]
 [2.340e-10]
 [2.334e-10]
 [2.330e-10]
 [2.324e-10]
 [2.321e-10]
 [2.317e-10]
 [2.313e-10]
 [2.309e-10]
 [2.306e-10]
 [2.302e-10]
 [2.299e-10]
 [2.295e-10]
 [2.293e-10]
 [2.289e-10]
 [2.286e-10]
 [2.283e-10]
 [2.281e-10]
 [2.278e-10]
 [2.277e-10]
 [2.274e-10]
 [2.273e-10]
 [2.271e-10]
 [2.270e-10]
 [2.269e-10]
 [2.267e-10]
 [2.265e-10]
 [2.264e-10]
 [2.262e-10]
 [2.261e-10]
 [2.260e-10]
 [2.258e-10]
 [2.257e-10]
 [2.256e-10]
 [2.254e-10]
 [2.252e-10]
 [2.251e-10]
 [2.249e-10]
 [2.248e-10]
 [2.247e-10]
 [2.246e-10]
 [2.243e-10]
 [2.243e-10]
 [2.242e-10]
 [2.242e-10]
 [2.243e-10]
 [2.239e-10]
 [2.237e-10]
 [2.235e-10]
 [2.234e-10]
 [2.232e-10]
 [2.231e-10]
 [2.230e-10]
 [2.229e-10]
 [2.229e-10]
 [2.228e-10]
 [2.228e-10]
 [2.227e-10]
 [2.226e-10]
 [2.224e-10]
 [2.221e-10]
 [2.220e-10]
 [2.218e-10]
 [2.217e-10]
 [2.214e-10]
 [2.213e-10]
 [2.212e-10]
 [2.210e-10]
 [2.211e-10]
 [2.212e-10]
 [2.214e-10]
 [2.216e-10]
 [2.218e-10]
 [2.221e-10]
 [2.224e-10]
 [2.228e-10]
 [2.230e-10]
 [2.233e-10]
 [2.235e-10]
 [2.237e-10]
 [2.241e-10]
 [2.245e-10]
 [2.250e-10]
 [2.255e-10]
 [2.260e-10]
 [2.268e-10]
 [2.275e-10]
 [2.283e-10]
 [2.287e-10]
 [2.292e-10]
 [2.295e-10]
 [2.299e-10]
 [2.301e-10]
 [2.302e-10]
 [2.300e-10]
 [2.299e-10]
 [2.297e-10]
 [2.296e-10]
 [2.294e-10]
 [2.292e-10]
 [2.290e-10]
 [2.289e-10]
 [2.288e-10]
 [2.287e-10]
 [2.286e-10]
 [2.285e-10]
 [2.284e-10]
 [2.283e-10]
 [2.282e-10]
 [2.282e-10]
 [2.282e-10]
 [2.282e-10]
 [2.282e-10]
 [2.283e-10]
 [2.283e-10]
 [2.284e-10]
 [2.284e-10]
 [2.284e-10]
 [2.284e-10]
 [2.282e-10]
 [2.280e-10]
 [2.277e-10]
 [2.275e-10]
 [2.272e-10]
 [2.269e-10]
 [2.267e-10]
 [2.266e-10]
 [2.265e-10]
 [2.264e-10]
 [2.265e-10]
 [2.266e-10]
 [2.270e-10]
 [2.274e-10]
 [2.277e-10]
 [2.279e-10]
 [2.282e-10]
 [2.284e-10]
 [2.286e-10]
 [2.286e-10]
 [2.287e-10]
 [2.286e-10]
 [2.285e-10]
 [2.283e-10]
 [2.282e-10]
 [2.281e-10]
 [2.280e-10]
 [2.279e-10]
 [2.279e-10]
 [2.278e-10]
 [2.278e-10]
 [2.277e-10]
 [2.275e-10]
 [2.272e-10]
 [2.270e-10]
 [2.268e-10]
 [2.265e-10]
 [2.263e-10]
 [2.260e-10]
 [2.259e-10]
 [2.257e-10]
 [2.256e-10]
 [2.255e-10]
 [2.255e-10]
 [2.255e-10]
 [2.254e-10]
 [2.254e-10]
 [2.253e-10]
 [2.252e-10]
 [2.253e-10]
 [2.253e-10]
 [2.254e-10]]",2.2537777777777775e-10,1
1,2_IT_1.txt,1.0,"[ 0.1  0.2  0.3  0.4  0.5  0.6  0.7  0.8  0.9  1.   1.1  1.2  1.3  1.4
  1.5  1.6  1.7  1.8  1.9  2.   2.1  2.2  2.3  2.4  2.5  2.6  2.7  2.8
  2.9  3.   3.1  3.2  3.3  3.4  3.5  3.6  3.7  3.8  3.9  4.   4.1  4.2
  4.3  4.4  4.5  4.6  4.7  4.8  4.9  5.   5.1  5.2  5.3  5.4  5.5  5.6
  5.7  5.8  5.9  6.   6.1  6.2  6.3  6.4  6.5  6.6  6.7  6.8  6.9  7.
  7.1  7.2  7.3  7.4  7.5  7.6  7.7  7.8  7.9  8.   8.1  8.2  8.3  8.4
  8.5  8.6  8.7  8.8  8.9  9.   9.1  9.2  9.3  9.4  9.5  9.6  9.7  9.8
  9.9 10.  10.1 10.2 10.3 10.4 10.5 10.6 10.7 10.8 10.9 11.  11.1 11.2
 11.3 11.4 11.5 11.6 11.7 11.8 11.9 12.  12.1 12.2 12.3 12.4 12.5 12.6
 12.7 12.8 12.9 13.  13.1 13.2 13.3 13.4 13.5 13.6 13.7 13.8 13.9 14.
 14.1 14.2 14.3 14.4 14.5 14.6 14.7 14.8 14.9 15.  15.1 15.2 15.3 15.4
 15.5 15.6 15.7 15.8 15.9 16.  16.1 16.2 16.3 16.4 16.5 16.6 16.7 16.8
 16.9 17.  17.1 17.2 17.3 17.4 17.5 17.6 17.7 17.8 17.9 18.  18.1 18.2
 18.3 18.4 18.5 18.6 18.7 18.8 18.9 19.  19.1 19.2 19.3 19.4 19.5 19.6
 19.7 19.8 19.9 20.  20.1 20.2 20.3 20.4 20.5 20.6 20.7 20.8 20.9 21.
 21.1 21.2 21.3 21.4 21.5 21.6 21.7 21.8 21.9 22.  22.1 22.2 22.3 22.4
 22.5 22.6 22.7 22.8 22.9 23.  23.1 23.2 23.3 23.4 23.5 23.6 23.7 23.8
 23.9 24.  24.1 24.2 24.3 24.4 24.5 24.6 24.7 24.8 24.9 25.  25.1 25.2
 25.3 25.4 25.5 25.6 25.7 25.8 25.9 26.  26.1 26.2 26.3 26.4 26.5 26.6
 26.7 26.8 26.9 27.  27.1 27.2 27.3 27.4 27.5 27.6 27.7 27.8 27.9 28.
 28.1 28.2 28.3 28.4 28.5 28.6 28.7 28.8 28.9 29.  29.1 29.2 29.3 29.4
 29.5 29.6 29.7 29.8 29.9 30. ]","[[1.117e-10]
 [1.088e-10]
 [1.064e-10]
 [1.041e-10]
 [1.022e-10]
 [1.002e-10]
 [9.849e-11]
 [9.684e-11]
 [9.537e-11]
 [9.394e-11]
 [9.259e-11]
 [9.139e-11]
 [9.024e-11]
 [8.908e-11]
 [8.804e-11]
 [8.701e-11]
 [8.601e-11]
 [8.514e-11]
 [8.425e-11]
 [8.342e-11]
 [8.269e-11]
 [8.193e-11]
 [8.114e-11]
 [8.054e-11]
 [7.988e-11]
 [7.928e-11]
 [7.874e-11]
 [7.811e-11]
 [7.758e-11]
 [7.706e-11]
 [7.651e-11]
 [7.601e-11]
 [7.553e-11]
 [7.505e-11]
 [7.463e-11]
 [7.422e-11]
 [7.375e-11]
 [7.338e-11]
 [7.302e-11]
 [7.258e-11]
 [7.222e-11]
 [7.182e-11]
 [7.147e-11]
 [7.119e-11]
 [7.092e-11]
 [7.055e-11]
 [7.027e-11]
 [6.992e-11]
 [6.963e-11]
 [6.929e-11]
 [6.901e-11]
 [6.881e-11]
 [6.853e-11]
 [6.830e-11]
 [6.806e-11]
 [6.785e-11]
 [6.764e-11]
 [6.749e-11]
 [6.725e-11]
 [6.694e-11]
 [6.673e-11]
 [6.658e-11]
 [6.644e-11]
 [6.629e-11]
 [6.612e-11]
 [6.594e-11]
 [6.576e-11]
 [6.554e-11]
 [6.540e-11]
 [6.517e-11]
 [6.493e-11]
 [6.471e-11]
 [6.452e-11]
 [6.438e-11]
 [6.433e-11]
 [6.432e-11]
 [6.434e-11]
 [6.427e-11]
 [6.425e-11]
 [6.417e-11]
 [6.423e-11]
 [6.417e-11]
 [6.406e-11]
 [6.399e-11]
 [6.386e-11]
 [6.378e-11]
 [6.368e-11]
 [6.357e-11]
 [6.340e-11]
 [6.329e-11]
 [6.323e-11]
 [6.309e-11]
 [6.294e-11]
 [6.278e-11]
 [6.259e-11]
 [6.258e-11]
 [6.247e-11]
 [6.230e-11]
 [6.210e-11]
 [6.198e-11]
 [6.181e-11]
 [6.170e-11]
 [6.161e-11]
 [6.154e-11]
 [6.147e-11]
 [6.147e-11]
 [6.147e-11]
 [6.144e-11]
 [6.144e-11]
 [6.138e-11]
 [6.132e-11]
 [6.121e-11]
 [6.112e-11]
 [6.098e-11]
 [6.083e-11]
 [6.068e-11]
 [6.057e-11]
 [6.043e-11]
 [6.032e-11]
 [6.023e-11]
 [6.016e-11]
 [6.009e-11]
 [6.002e-11]
 [5.999e-11]
 [5.989e-11]
 [5.978e-11]
 [5.975e-11]
 [5.965e-11]
 [5.961e-11]
 [5.955e-11]
 [5.942e-11]
 [5.936e-11]
 [5.937e-11]
 [5.922e-11]
 [5.918e-11]
 [5.910e-11]
 [5.904e-11]
 [5.900e-11]
 [5.897e-11]
 [5.886e-11]
 [5.884e-11]
 [5.883e-11]
 [5.878e-11]
 [5.867e-11]
 [5.865e-11]
 [5.865e-11]
 [5.860e-11]
 [5.853e-11]
 [5.842e-11]
 [5.839e-11]
 [5.831e-11]
 [5.820e-11]
 [5.811e-11]
 [5.803e-11]
 [5.803e-11]
 [5.799e-11]
 [5.795e-11]
 [5.781e-11]
 [5.769e-11]
 [5.767e-11]
 [5.759e-11]
 [5.759e-11]
 [5.749e-11]
 [5.737e-11]
 [5.732e-11]
 [5.724e-11]
 [5.719e-11]
 [5.710e-11]
 [5.704e-11]
 [5.699e-11]
 [5.695e-11]
 [5.687e-11]
 [5.675e-11]
 [5.669e-11]
 [5.665e-11]
 [5.667e-11]
 [5.672e-11]
 [5.667e-11]
 [5.668e-11]
 [5.668e-11]
 [5.659e-11]
 [5.650e-11]
 [5.647e-11]
 [5.642e-11]
 [5.637e-11]
 [5.629e-11]
 [5.629e-11]
 [5.621e-11]
 [5.620e-11]
 [5.618e-11]
 [5.614e-11]
 [5.605e-11]
 [5.603e-11]
 [5.602e-11]
 [5.596e-11]
 [5.591e-11]
 [5.587e-11]
 [5.580e-11]
 [5.580e-11]
 [5.572e-11]
 [5.576e-11]
 [5.573e-11]
 [5.569e-11]
 [5.568e-11]
 [5.570e-11]
 [5.564e-11]
 [5.565e-11]
 [5.564e-11]
 [5.565e-11]
 [5.569e-11]
 [5.571e-11]
 [5.567e-11]
 [5.568e-11]
 [5.572e-11]
 [5.570e-11]
 [5.568e-11]
 [5.567e-11]
 [5.567e-11]
 [5.568e-11]
 [5.570e-11]
 [5.571e-11]
 [5.571e-11]
 [5.577e-11]
 [5.579e-11]
 [5.584e-11]
 [5.593e-11]
 [5.603e-11]
 [5.611e-11]
 [5.627e-11]
 [5.638e-11]
 [5.653e-11]
 [5.667e-11]
 [5.678e-11]
 [5.693e-11]
 [5.708e-11]
 [5.723e-11]
 [5.735e-11]
 [5.744e-11]
 [5.761e-11]
 [5.766e-11]
 [5.770e-11]
 [5.777e-11]
 [5.779e-11]
 [5.782e-11]
 [5.780e-11]
 [5.777e-11]
 [5.773e-11]
 [5.774e-11]
 [5.769e-11]
 [5.771e-11]
 [5.764e-11]
 [5.762e-11]
 [5.759e-11]
 [5.755e-11]
 [5.749e-11]
 [5.750e-11]
 [5.744e-11]
 [5.736e-11]
 [5.734e-11]
 [5.727e-11]
 [5.728e-11]
 [5.721e-11]
 [5.716e-11]
 [5.708e-11]
 [5.707e-11]
 [5.698e-11]
 [5.693e-11]
 [5.682e-11]
 [5.678e-11]
 [5.678e-11]
 [5.675e-11]
 [5.661e-11]
 [5.658e-11]
 [5.657e-11]
 [5.650e-11]
 [5.646e-11]
 [5.643e-11]
 [5.640e-11]
 [5.628e-11]
 [5.625e-11]
 [5.616e-11]
 [5.611e-11]
 [5.607e-11]
 [5.601e-11]
 [5.598e-11]
 [5.591e-11]
 [5.588e-11]
 [5.582e-11]
 [5.578e-11]
 [5.569e-11]
 [5.565e-11]
 [5.563e-11]
 [5.562e-11]
 [5.559e-11]
 [5.559e-11]
 [5.550e-11]
 [5.546e-11]
 [5.543e-11]
 [5.536e-11]
 [5.529e-11]]",5.553666666666667e-11,1
2,3_IT_1.txt,250.5,"[ 0.1  0.2  0.3  0.4  0.5  0.6  0.7  0.8  0.9  1.   1.1  1.2  1.3  1.4
  1.5  1.6  1.7  1.8  1.9  2.   2.1  2.2  2.3  2.4  2.5  2.6  2.7  2.8
  2.9  3.   3.1  3.2  3.3  3.4  3.5  3.6  3.7  3.8  3.9  4.   4.1  4.2
  4.3  4.4  4.5  4.6  4.7  4.8  4.9  5.   5.1  5.2  5.3  5.4  5.5  5.6
  5.7  5.8  5.9  6.   6.1  6.2  6.3  6.4  6.5  6.6  6.7  6.8  6.9  7.
  7.1  7.2  7.3  7.4  7.5  7.6  7.7  7.8  7.9  8.   8.1  8.2  8.3  8.4
  8.5  8.6  8.7  8.8  8.9  9.   9.1  9.2  9.3  9.4  9.5  9.6  9.7  9.8
  9.9 10.  10.1 10.2 10.3 10.4 10.5 10.6 10.7 10.8 10.9 11.  11.1 11.2
 11.3 11.4 11.5 11.6 11.7 11.8 11.9 12.  12.1 12.2 12.3 12.4 12.5 12.6
 12.7 12.8 12.9 13.  13.1 13.2 13.3 13.4 13.5 13.6 13.7 13.8 13.9 14.
 14.1 14.2 14.3 14.4 14.5 14.6 14.7 14.8 14.9 15.  15.1 15.2 15.3 15.4
 15.5 15.6 15.7 15.8 15.9 16.  16.1 16.2 16.3 16.4 16.5 16.6 16.7 16.8
 16.9 17.  17.1 17.2 17.3 17.4 17.5 17.6 17.7 17.8 17.9 18.  18.1 18.2
 18.3 18.4 18.5 18.6 18.7 18.8 18.9 19.  19.1 19.2 19.3 19.4 19.5 19.6
 19.7 19.8 19.9 20.  20.1 20.2 20.3 20.4 20.5 20.6 20.7 20.8 20.9 21.
 21.1 21.2 21.3 21.4 21.5 21.6 21.7 21.8 21.9 22.  22.1 22.2 22.3 22.4
 22.5 22.6 22.7 22.8 22.9 23.  23.1 23.2 23.3 23.4 23.5 23.6 23.7 23.8
 23.9 24.  24.1 24.2 24.3 24.4 24.5 24.6 24.7 24.8 24.9 25.  25.1 25.2
 25.3 25.4 25.5 25.6 25.7 25.8 25.9 26.  26.1 26.2 26.3 26.4 26.5 26.6
 26.7 26.8 26.9 27.  27.1 27.2 27.3 27.4 27.5 27.6 27.7 27.8 27.9 28.
 28.1 28.2 28.3 28.4 28.5 28.6 28.7 28.8 28.9 29.  29.1 29.2 29.3 29.4
 29.5 29.6 29.7 29.8 29.9 30. ]","[[3.330e-10]
 [3.286e-10]
 [3.247e-10]
 [3.212e-10]
 [3.179e-10]
 [3.148e-10]
 [3.121e-10]
 [3.094e-10]
 [3.069e-10]
 [3.046e-10]
 [3.023e-10]
 [3.002e-10]
 [2.983e-10]
 [2.965e-10]
 [2.947e-10]
 [2.929e-10]
 [2.912e-10]
 [2.896e-10]
 [2.879e-10]
 [2.864e-10]
 [2.850e-10]
 [2.834e-10]
 [2.821e-10]
 [2.807e-10]
 [2.794e-10]
 [2.783e-10]
 [2.772e-10]
 [2.759e-10]
 [2.748e-10]
 [2.738e-10]
 [2.728e-10]
 [2.720e-10]
 [2.712e-10]
 [2.705e-10]
 [2.698e-10]
 [2.691e-10]
 [2.684e-10]
 [2.674e-10]
 [2.668e-10]
 [2.661e-10]
 [2.656e-10]
 [2.650e-10]
 [2.644e-10]
 [2.640e-10]
 [2.637e-10]
 [2.633e-10]
 [2.629e-10]
 [2.624e-10]
 [2.620e-10]
 [2.616e-10]
 [2.611e-10]
 [2.606e-10]
 [2.601e-10]
 [2.596e-10]
 [2.591e-10]
 [2.586e-10]
 [2.581e-10]
 [2.576e-10]
 [2.572e-10]
 [2.568e-10]
 [2.565e-10]
 [2.563e-10]
 [2.561e-10]
 [2.559e-10]
 [2.560e-10]
 [2.560e-10]
 [2.561e-10]
 [2.559e-10]
 [2.557e-10]
 [2.555e-10]
 [2.552e-10]
 [2.549e-10]
 [2.545e-10]
 [2.540e-10]
 [2.534e-10]
 [2.529e-10]
 [2.523e-10]
 [2.518e-10]
 [2.513e-10]
 [2.509e-10]
 [2.504e-10]
 [2.500e-10]
 [2.495e-10]
 [2.492e-10]
 [2.489e-10]
 [2.485e-10]
 [2.482e-10]
 [2.480e-10]
 [2.477e-10]
 [2.476e-10]
 [2.474e-10]
 [2.472e-10]
 [2.471e-10]
 [2.470e-10]
 [2.469e-10]
 [2.468e-10]
 [2.468e-10]
 [2.468e-10]
 [2.469e-10]
 [2.470e-10]
 [2.469e-10]
 [2.468e-10]
 [2.467e-10]
 [2.467e-10]
 [2.464e-10]
 [2.461e-10]
 [2.458e-10]
 [2.456e-10]
 [2.457e-10]
 [2.455e-10]
 [2.453e-10]
 [2.451e-10]
 [2.447e-10]
 [2.444e-10]
 [2.439e-10]
 [2.435e-10]
 [2.431e-10]
 [2.426e-10]
 [2.422e-10]
 [2.416e-10]
 [2.411e-10]
 [2.405e-10]
 [2.401e-10]
 [2.397e-10]
 [2.393e-10]
 [2.389e-10]
 [2.385e-10]
 [2.382e-10]
 [2.378e-10]
 [2.375e-10]
 [2.372e-10]
 [2.369e-10]
 [2.367e-10]
 [2.365e-10]
 [2.363e-10]
 [2.363e-10]
 [2.363e-10]
 [2.363e-10]
 [2.363e-10]
 [2.364e-10]
 [2.365e-10]
 [2.367e-10]
 [2.368e-10]
 [2.369e-10]
 [2.371e-10]
 [2.373e-10]
 [2.375e-10]
 [2.376e-10]
 [2.377e-10]
 [2.377e-10]
 [2.378e-10]
 [2.377e-10]
 [2.377e-10]
 [2.376e-10]
 [2.374e-10]
 [2.371e-10]
 [2.368e-10]
 [2.366e-10]
 [2.365e-10]
 [2.365e-10]
 [2.365e-10]
 [2.363e-10]
 [2.361e-10]
 [2.358e-10]
 [2.357e-10]
 [2.357e-10]
 [2.354e-10]
 [2.357e-10]
 [2.356e-10]
 [2.356e-10]
 [2.356e-10]
 [2.357e-10]
 [2.356e-10]
 [2.354e-10]
 [2.352e-10]
 [2.349e-10]
 [2.349e-10]
 [2.346e-10]
 [2.344e-10]
 [2.343e-10]
 [2.341e-10]
 [2.341e-10]
 [2.341e-10]
 [2.341e-10]
 [2.340e-10]
 [2.340e-10]
 [2.339e-10]
 [2.338e-10]
 [2.336e-10]
 [2.332e-10]
 [2.329e-10]
 [2.325e-10]
 [2.321e-10]
 [2.316e-10]
 [2.315e-10]
 [2.314e-10]
 [2.314e-10]
 [2.315e-10]
 [2.316e-10]
 [2.317e-10]
 [2.319e-10]
 [2.319e-10]
 [2.319e-10]
 [2.321e-10]
 [2.321e-10]
 [2.320e-10]
 [2.318e-10]
 [2.316e-10]
 [2.314e-10]
 [2.309e-10]
 [2.305e-10]
 [2.301e-10]
 [2.298e-10]
 [2.295e-10]
 [2.293e-10]
 [2.291e-10]
 [2.289e-10]
 [2.286e-10]
 [2.283e-10]
 [2.280e-10]
 [2.278e-10]
 [2.275e-10]
 [2.272e-10]
 [2.269e-10]
 [2.266e-10]
 [2.264e-10]
 [2.260e-10]
 [2.257e-10]
 [2.254e-10]
 [2.251e-10]
 [2.249e-10]
 [2.247e-10]
 [2.245e-10]
 [2.242e-10]
 [2.242e-10]
 [2.240e-10]
 [2.239e-10]
 [2.237e-10]
 [2.237e-10]
 [2.235e-10]
 [2.235e-10]
 [2.233e-10]
 [2.232e-10]
 [2.232e-10]
 [2.230e-10]
 [2.229e-10]
 [2.229e-10]
 [2.227e-10]
 [2.227e-10]
 [2.226e-10]
 [2.225e-10]
 [2.224e-10]
 [2.223e-10]
 [2.222e-10]
 [2.221e-10]
 [2.221e-10]
 [2.219e-10]
 [2.219e-10]
 [2.218e-10]
 [2.217e-10]
 [2.217e-10]
 [2.215e-10]
 [2.214e-10]
 [2.213e-10]
 [2.214e-10]
 [2.214e-10]
 [2.213e-10]
 [2.213e-10]
 [2.213e-10]
 [2.212e-10]
 [2.210e-10]
 [2.211e-10]
 [2.210e-10]
 [2.209e-10]
 [2.208e-10]
 [2.208e-10]
 [2.208e-10]
 [2.208e-10]
 [2.207e-10]
 [2.206e-10]
 [2.206e-10]
 [2.206e-10]
 [2.205e-10]
 [2.203e-10]
 [2.203e-10]
 [2.205e-10]
 [2.206e-10]
 [2.206e-10]
 [2.205e-10]
 [2.205e-10]
 [2.204e-10]
 [2.204e-10]
 [2.204e-10]
 [2.205e-10]
 [2.206e-10]
 [2.207e-10]
 [2.208e-10]
 [2.210e-10]
 [2.213e-10]
 [2.218e-10]]",2.2067777777777778e-10,1
3,4_IT_1.txt,188.125,"[ 0.1  0.2  0.3  0.4  0.5  0.6  0.7  0.8  0.9  1.   1.1  1.2  1.3  1.4
  1.5  1.6  1.7  1.8  1.9  2.   2.1  2.2  2.3  2.4  2.5  2.6  2.7  2.8
  2.9  3.   3.1  3.2  3.3  3.4  3.5  3.6  3.7  3.8  3.9  4.   4.1  4.2
  4.3  4.4  4.5  4.6  4.7  4.8  4.9  5.   5.1  5.2  5.3  5.4  5.5  5.6
  5.7  5.8  5.9  6.   6.1  6.2  6.3  6.4  6.5  6.6  6.7  6.8  6.9  7.
  7.1  7.2  7.3  7.4  7.5  7.6  7.7  7.8  7.9  8.   8.1  8.2  8.3  8.4
  8.5  8.6  8.7  8.8  8.9  9.   9.1  9.2  9.3  9.4  9.5  9.6  9.7  9.8
  9.9 10.  10.1 10.2 10.3 10.4 10.5 10.6 10.7 10.8 10.9 11.  11.1 11.2
 11.3 11.4 11.5 11.6 11.7 11.8 11.9 12.  12.1 12.2 12.3 12.4 12.5 12.6
 12.7 12.8 12.9 13.  13.1 13.2 13.3 13.4 13.5 13.6 13.7 13.8 13.9 14.
 14.1 14.2 14.3 14.4 14.5 14.6 14.7 14.8 14.9 15.  15.1 15.2 15.3 15.4
 15.5 15.6 15.7 15.8 15.9 16.  16.1 16.2 16.3 16.4 16.5 16.6 16.7 16.8
 16.9 17.  17.1 17.2 17.3 17.4 17.5 17.6 17.7 17.8 17.9 18.  18.1 18.2
 18.3 18.4 18.5 18.6 18.7 18.8 18.9 19.  19.1 19.2 19.3 19.4 19.5 19.6
 19.7 19.8 19.9 20.  20.1 20.2 20.3 20.4 20.5 20.6 20.7 20.8 20.9 21.
 21.1 21.2 21.3 21.4 21.5 21.6 21.7 21.8 21.9 22.  22.1 22.2 22.3 22.4
 22.5 22.6 22.7 22.8 22.9 23.  23.1 23.2 23.3 23.4 23.5 23.6 23.7 23.8
 23.9 24.  24.1 24.2 24.3 24.4 24.5 24.6 24.7 24.8 24.9 25.  25.1 25.2
 25.3 25.4 25.5 25.6 25.7 25.8 25.9 26.  26.1 26.2 26.3 26.4 26.5 26.6
 26.7 26.8 26.9 27.  27.1 27.2 27.3 27.4 27.5 27.6 27.7 27.8 27.9 28.
 28.1 28.2 28.3 28.4 28.5 28.6 28.7 28.8 28.9 29.  29.1 29.2 29.3 29.4
 29.5 29.6 29.7 29.8 29.9 30. ]","[[2.883e-10]
 [2.838e-10]
 [2.797e-10]
 [2.759e-10]
 [2.726e-10]
 [2.695e-10]
 [2.666e-10]
 [2.640e-10]
 [2.616e-10]
 [2.594e-10]
 [2.573e-10]
 [2.553e-10]
 [2.533e-10]
 [2.514e-10]
 [2.494e-10]
 [2.475e-10]
 [2.457e-10]
 [2.440e-10]
 [2.424e-10]
 [2.410e-10]
 [2.397e-10]
 [2.386e-10]
 [2.376e-10]
 [2.367e-10]
 [2.358e-10]
 [2.351e-10]
 [2.344e-10]
 [2.337e-10]
 [2.328e-10]
 [2.320e-10]
 [2.313e-10]
 [2.305e-10]
 [2.297e-10]
 [2.288e-10]
 [2.281e-10]
 [2.273e-10]
 [2.266e-10]
 [2.259e-10]
 [2.252e-10]
 [2.245e-10]
 [2.238e-10]
 [2.231e-10]
 [2.223e-10]
 [2.216e-10]
 [2.210e-10]
 [2.204e-10]
 [2.198e-10]
 [2.192e-10]
 [2.187e-10]
 [2.181e-10]
 [2.175e-10]
 [2.170e-10]
 [2.164e-10]
 [2.158e-10]
 [2.153e-10]
 [2.149e-10]
 [2.143e-10]
 [2.139e-10]
 [2.135e-10]
 [2.130e-10]
 [2.126e-10]
 [2.122e-10]
 [2.118e-10]
 [2.115e-10]
 [2.110e-10]
 [2.107e-10]
 [2.103e-10]
 [2.100e-10]
 [2.096e-10]
 [2.093e-10]
 [2.089e-10]
 [2.085e-10]
 [2.082e-10]
 [2.078e-10]
 [2.074e-10]
 [2.071e-10]
 [2.069e-10]
 [2.066e-10]
 [2.062e-10]
 [2.059e-10]
 [2.056e-10]
 [2.052e-10]
 [2.050e-10]
 [2.046e-10]
 [2.043e-10]
 [2.041e-10]
 [2.038e-10]
 [2.037e-10]
 [2.036e-10]
 [2.033e-10]
 [2.033e-10]
 [2.031e-10]
 [2.027e-10]
 [2.027e-10]
 [2.026e-10]
 [2.023e-10]
 [2.022e-10]
 [2.020e-10]
 [2.019e-10]
 [2.018e-10]
 [2.016e-10]
 [2.012e-10]
 [2.008e-10]
 [2.003e-10]
 [1.998e-10]
 [1.994e-10]
 [1.990e-10]
 [1.986e-10]
 [1.983e-10]
 [1.979e-10]
 [1.977e-10]
 [1.975e-10]
 [1.972e-10]
 [1.971e-10]
 [1.969e-10]
 [1.966e-10]
 [1.963e-10]
 [1.961e-10]
 [1.959e-10]
 [1.957e-10]
 [1.955e-10]
 [1.954e-10]
 [1.954e-10]
 [1.952e-10]
 [1.950e-10]
 [1.949e-10]
 [1.948e-10]
 [1.948e-10]
 [1.949e-10]
 [1.950e-10]
 [1.950e-10]
 [1.950e-10]
 [1.950e-10]
 [1.952e-10]
 [1.954e-10]
 [1.953e-10]
 [1.952e-10]
 [1.950e-10]
 [1.948e-10]
 [1.948e-10]
 [1.947e-10]
 [1.946e-10]
 [1.943e-10]
 [1.940e-10]
 [1.937e-10]
 [1.934e-10]
 [1.930e-10]
 [1.928e-10]
 [1.925e-10]
 [1.923e-10]
 [1.924e-10]
 [1.923e-10]
 [1.923e-10]
 [1.924e-10]
 [1.925e-10]
 [1.930e-10]
 [1.935e-10]
 [1.937e-10]
 [1.941e-10]
 [1.946e-10]
 [1.949e-10]
 [1.954e-10]
 [1.955e-10]
 [1.957e-10]
 [1.957e-10]
 [1.955e-10]
 [1.952e-10]
 [1.951e-10]
 [1.949e-10]
 [1.948e-10]
 [1.948e-10]
 [1.947e-10]
 [1.948e-10]
 [1.951e-10]
 [1.954e-10]
 [1.954e-10]
 [1.953e-10]
 [1.952e-10]
 [1.951e-10]
 [1.948e-10]
 [1.944e-10]
 [1.940e-10]
 [1.937e-10]
 [1.933e-10]
 [1.929e-10]
 [1.926e-10]
 [1.925e-10]
 [1.920e-10]
 [1.917e-10]
 [1.916e-10]
 [1.913e-10]
 [1.909e-10]
 [1.908e-10]
 [1.907e-10]
 [1.906e-10]
 [1.904e-10]
 [1.901e-10]
 [1.900e-10]
 [1.898e-10]
 [1.899e-10]
 [1.899e-10]
 [1.902e-10]
 [1.903e-10]
 [1.904e-10]
 [1.903e-10]
 [1.903e-10]
 [1.901e-10]
 [1.899e-10]
 [1.899e-10]
 [1.899e-10]
 [1.900e-10]
 [1.900e-10]
 [1.900e-10]
 [1.899e-10]
 [1.897e-10]
 [1.896e-10]
 [1.895e-10]
 [1.893e-10]
 [1.892e-10]
 [1.890e-10]
 [1.890e-10]
 [1.889e-10]
 [1.889e-10]
 [1.888e-10]
 [1.889e-10]
 [1.889e-10]
 [1.889e-10]
 [1.889e-10]
 [1.890e-10]
 [1.890e-10]
 [1.892e-10]
 [1.893e-10]
 [1.895e-10]
 [1.895e-10]
 [1.895e-10]
 [1.895e-10]
 [1.895e-10]
 [1.896e-10]
 [1.896e-10]
 [1.896e-10]
 [1.897e-10]
 [1.897e-10]
 [1.898e-10]
 [1.899e-10]
 [1.899e-10]
 [1.898e-10]
 [1.897e-10]
 [1.896e-10]
 [1.896e-10]
 [1.894e-10]
 [1.894e-10]
 [1.893e-10]
 [1.892e-10]
 [1.892e-10]
 [1.892e-10]
 [1.892e-10]
 [1.889e-10]
 [1.887e-10]
 [1.885e-10]
 [1.882e-10]
 [1.879e-10]
 [1.877e-10]
 [1.876e-10]
 [1.874e-10]
 [1.877e-10]
 [1.877e-10]
 [1.880e-10]
 [1.881e-10]
 [1.883e-10]
 [1.885e-10]
 [1.888e-10]
 [1.889e-10]
 [1.890e-10]
 [1.891e-10]
 [1.890e-10]
 [1.887e-10]
 [1.883e-10]
 [1.880e-10]
 [1.875e-10]
 [1.870e-10]
 [1.865e-10]
 [1.862e-10]
 [1.859e-10]
 [1.855e-10]
 [1.851e-10]
 [1.848e-10]
 [1.847e-10]
 [1.847e-10]
 [1.845e-10]
 [1.843e-10]
 [1.843e-10]
 [1.843e-10]
 [1.842e-10]
 [1.842e-10]
 [1.843e-10]
 [1.845e-10]
 [1.847e-10]
 [1.849e-10]
 [1.851e-10]
 [1.853e-10]]",1.8450000000000003e-10,1
4,5_IT_1.txt,437.625,"[ 0.1  0.2  0.3  0.4  0.5  0.6  0.7  0.8  0.9  1.   1.1  1.2  1.3  1.4
  1.5  1.6  1.7  1.8  1.9  2.   2.1  2.2  2.3  2.4  2.5  2.6  2.7  2.8
  2.9  3.   3.1  3.2  3.3  3.4  3.5  3.6  3.7  3.8  3.9  4.   4.1  4.2
  4.3  4.4  4.5  4.6  4.7  4.8  4.9  5.   5.1  5.2  5.3  5.4  5.5  5.6
  5.7  5.8  5.9  6.   6.1  6.2  6.3  6.4  6.5  6.6  6.7  6.8  6.9  7.
  7.1  7.2  7.3  7.4  7.5  7.6  7.7  7.8  7.9  8.   8.1  8.2  8.3  8.4
  8.5  8.6  8.7  8.8  8.9  9.   9.1  9.2  9.3  9.4  9.5  9.6  9.7  9.8
  9.9 10.  10.1 10.2 10.3 10.4 10.5 10.6 10.7 10.8 10.9 11.  11.1 11.2
 11.3 11.4 11.5 11.6 11.7 11.8 11.9 12.  12.1 12.2 12.3 12.4 12.5 12.6
 12.7 12.8 12.9 13.  13.1 13.2 13.3 13.4 13.5 13.6 13.7 13.8 13.9 14.
 14.1 14.2 14.3 14.4 14.5 14.6 14.7 14.8 14.9 15.  15.1 15.2 15.3 15.4
 15.5 15.6 15.7 15.8 15.9 16.  16.1 16.2 16.3 16.4 16.5 16.6 16.7 16.8
 16.9 17.  17.1 17.2 17.3 17.4 17.5 17.6 17.7 17.8 17.9 18.  18.1 18.2
 18.3 18.4 18.5 18.6 18.7 18.8 18.9 19.  19.1 19.2 19.3 19.4 19.5 19.6
 19.7 19.8 19.9 20.  20.1 20.2 20.3 20.4 20.5 20.6 20.7 20.8 20.9 21.
 21.1 21.2 21.3 21.4 21.5 21.6 21.7 21.8 21.9 22.  22.1 22.2 22.3 22.4
 22.5 22.6 22.7 22.8 22.9 23.  23.1 23.2 23.3 23.4 23.5 23.6 23.7 23.8
 23.9 24.  24.1 24.2 24.3 24.4 24.5 24.6 24.7 24.8 24.9 25.  25.1 25.2
 25.3 25.4 25.5 25.6 25.7 25.8 25.9 26.  26.1 26.2 26.3 26.4 26.5 26.6
 26.7 26.8 26.9 27.  27.1 27.2 27.3 27.4 27.5 27.6 27.7 27.8 27.9 28.
 28.1 28.2 28.3 28.4 28.5 28.6 28.7 28.8 28.9 29.  29.1 29.2 29.3 29.4
 29.5 29.6 29.7 29.8 29.9 30. ]","[[3.686e-10]
 [3.636e-10]
 [3.592e-10]
 [3.553e-10]
 [3.516e-10]
 [3.481e-10]
 [3.445e-10]
 [3.414e-10]
 [3.385e-10]
 [3.359e-10]
 [3.333e-10]
 [3.311e-10]
 [3.288e-10]
 [3.267e-10]
 [3.249e-10]
 [3.233e-10]
 [3.217e-10]
 [3.200e-10]
 [3.187e-10]
 [3.174e-10]
 [3.161e-10]
 [3.149e-10]
 [3.137e-10]
 [3.125e-10]
 [3.114e-10]
 [3.103e-10]
 [3.093e-10]
 [3.084e-10]
 [3.074e-10]
 [3.064e-10]
 [3.054e-10]
 [3.046e-10]
 [3.036e-10]
 [3.026e-10]
 [3.018e-10]
 [3.008e-10]
 [3.000e-10]
 [2.992e-10]
 [2.983e-10]
 [2.974e-10]
 [2.966e-10]
 [2.957e-10]
 [2.951e-10]
 [2.942e-10]
 [2.935e-10]
 [2.926e-10]
 [2.919e-10]
 [2.911e-10]
 [2.905e-10]
 [2.899e-10]
 [2.892e-10]
 [2.888e-10]
 [2.884e-10]
 [2.879e-10]
 [2.874e-10]
 [2.868e-10]
 [2.867e-10]
 [2.866e-10]
 [2.863e-10]
 [2.861e-10]
 [2.858e-10]
 [2.854e-10]
 [2.850e-10]
 [2.848e-10]
 [2.846e-10]
 [2.843e-10]
 [2.839e-10]
 [2.835e-10]
 [2.832e-10]
 [2.827e-10]
 [2.823e-10]
 [2.818e-10]
 [2.814e-10]
 [2.808e-10]
 [2.803e-10]
 [2.797e-10]
 [2.791e-10]
 [2.786e-10]
 [2.782e-10]
 [2.779e-10]
 [2.776e-10]
 [2.775e-10]
 [2.774e-10]
 [2.773e-10]
 [2.773e-10]
 [2.773e-10]
 [2.772e-10]
 [2.772e-10]
 [2.770e-10]
 [2.769e-10]
 [2.767e-10]
 [2.764e-10]
 [2.762e-10]
 [2.758e-10]
 [2.755e-10]
 [2.751e-10]
 [2.747e-10]
 [2.744e-10]
 [2.741e-10]
 [2.739e-10]
 [2.738e-10]
 [2.736e-10]
 [2.734e-10]
 [2.733e-10]
 [2.730e-10]
 [2.728e-10]
 [2.726e-10]
 [2.723e-10]
 [2.719e-10]
 [2.715e-10]
 [2.712e-10]
 [2.710e-10]
 [2.707e-10]
 [2.703e-10]
 [2.698e-10]
 [2.695e-10]
 [2.690e-10]
 [2.686e-10]
 [2.681e-10]
 [2.677e-10]
 [2.672e-10]
 [2.668e-10]
 [2.666e-10]
 [2.666e-10]
 [2.666e-10]
 [2.667e-10]
 [2.666e-10]
 [2.666e-10]
 [2.665e-10]
 [2.663e-10]
 [2.662e-10]
 [2.663e-10]
 [2.664e-10]
 [2.664e-10]
 [2.664e-10]
 [2.662e-10]
 [2.660e-10]
 [2.655e-10]
 [2.652e-10]
 [2.648e-10]
 [2.644e-10]
 [2.641e-10]
 [2.638e-10]
 [2.635e-10]
 [2.633e-10]
 [2.631e-10]
 [2.629e-10]
 [2.626e-10]
 [2.625e-10]
 [2.623e-10]
 [2.621e-10]
 [2.620e-10]
 [2.619e-10]
 [2.620e-10]
 [2.621e-10]
 [2.621e-10]
 [2.621e-10]
 [2.620e-10]
 [2.620e-10]
 [2.620e-10]
 [2.619e-10]
 [2.618e-10]
 [2.617e-10]
 [2.616e-10]
 [2.615e-10]
 [2.615e-10]
 [2.614e-10]
 [2.612e-10]
 [2.612e-10]
 [2.612e-10]
 [2.611e-10]
 [2.610e-10]
 [2.609e-10]
 [2.609e-10]
 [2.607e-10]
 [2.606e-10]
 [2.605e-10]
 [2.603e-10]
 [2.605e-10]
 [2.605e-10]
 [2.603e-10]
 [2.604e-10]
 [2.604e-10]
 [2.606e-10]
 [2.607e-10]
 [2.607e-10]
 [2.607e-10]
 [2.609e-10]
 [2.611e-10]
 [2.614e-10]
 [2.616e-10]
 [2.617e-10]
 [2.617e-10]
 [2.614e-10]
 [2.612e-10]
 [2.611e-10]
 [2.609e-10]
 [2.605e-10]
 [2.601e-10]
 [2.597e-10]
 [2.591e-10]
 [2.586e-10]
 [2.583e-10]
 [2.578e-10]
 [2.574e-10]
 [2.571e-10]
 [2.566e-10]
 [2.562e-10]
 [2.559e-10]
 [2.556e-10]
 [2.553e-10]
 [2.549e-10]
 [2.546e-10]
 [2.543e-10]
 [2.539e-10]
 [2.536e-10]
 [2.533e-10]
 [2.530e-10]
 [2.526e-10]
 [2.524e-10]
 [2.523e-10]
 [2.523e-10]
 [2.524e-10]
 [2.526e-10]
 [2.527e-10]
 [2.527e-10]
 [2.527e-10]
 [2.527e-10]
 [2.526e-10]
 [2.525e-10]
 [2.525e-10]
 [2.524e-10]
 [2.522e-10]
 [2.520e-10]
 [2.519e-10]
 [2.518e-10]
 [2.516e-10]
 [2.514e-10]
 [2.514e-10]
 [2.513e-10]
 [2.512e-10]
 [2.510e-10]
 [2.511e-10]
 [2.511e-10]
 [2.511e-10]
 [2.511e-10]
 [2.511e-10]
 [2.511e-10]
 [2.512e-10]
 [2.514e-10]
 [2.518e-10]
 [2.521e-10]
 [2.525e-10]
 [2.529e-10]
 [2.535e-10]
 [2.539e-10]
 [2.546e-10]
 [2.551e-10]
 [2.555e-10]
 [2.557e-10]
 [2.557e-10]
 [2.556e-10]
 [2.555e-10]
 [2.553e-10]
 [2.549e-10]
 [2.547e-10]
 [2.544e-10]
 [2.542e-10]
 [2.540e-10]
 [2.539e-10]
 [2.539e-10]
 [2.539e-10]
 [2.540e-10]
 [2.540e-10]
 [2.540e-10]
 [2.540e-10]
 [2.538e-10]
 [2.536e-10]
 [2.534e-10]
 [2.531e-10]
 [2.528e-10]
 [2.525e-10]
 [2.521e-10]
 [2.518e-10]
 [2.515e-10]
 [2.513e-10]
 [2.510e-10]
 [2.508e-10]
 [2.508e-10]
 [2.506e-10]
 [2.505e-10]
 [2.504e-10]
 [2.503e-10]
 [2.502e-10]
 [2.502e-10]
 [2.502e-10]
 [2.500e-10]
 [2.498e-10]
 [2.496e-10]
 [2.495e-10]]",2.5013333333333334e-10,1
5,6_IT_1.txt,500.0,"[ 0.1  0.2  0.3  0.4  0.5  0.6  0.7  0.8  0.9  1.   1.1  1.2  1.3  1.4
  1.5  1.6  1.7  1.8  1.9  2.   2.1  2.2  2.3  2.4  2.5  2.6  2.7  2.8
  2.9  3.   3.1  3.2  3.3  3.4  3.5  3.6  3.7  3.8  3.9  4.   4.1  4.2
  4.3  4.4  4.5  4.6  4.7  4.8  4.9  5.   5.1  5.2  5.3  5.4  5.5  5.6
  5.7  5.8  5.9  6.   6.1  6.2  6.3  6.4  6.5  6.6  6.7  6.8  6.9  7.
  7.1  7.2  7.3  7.4  7.5  7.6  7.7  7.8  7.9  8.   8.1  8.2  8.3  8.4
  8.5  8.6  8.7  8.8  8.9  9.   9.1  9.2  9.3  9.4  9.5  9.6  9.7  9.8
  9.9 10.  10.1 10.2 10.3 10.4 10.5 10.6 10.7 10.8 10.9 11.  11.1 11.2
 11.3 11.4 11.5 11.6 11.7 11.8 11.9 12.  12.1 12.2 12.3 12.4 12.5 12.6
 12.7 12.8 12.9 13.  13.1 13.2 13.3 13.4 13.5 13.6 13.7 13.8 13.9 14.
 14.1 14.2 14.3 14.4 14.5 14.6 14.7 14.8 14.9 15.  15.1 15.2 15.3 15.4
 15.5 15.6 15.7 15.8 15.9 16.  16.1 16.2 16.3 16.4 16.5 16.6 16.7 16.8
 16.9 17.  17.1 17.2 17.3 17.4 17.5 17.6 17.7 17.8 17.9 18.  18.1 18.2
 18.3 18.4 18.5 18.6 18.7 18.8 18.9 19.  19.1 19.2 19.3 19.4 19.5 19.6
 19.7 19.8 19.9 20.  20.1 20.2 20.3 20.4 20.5 20.6 20.7 20.8 20.9 21.
 21.1 21.2 21.3 21.4 21.5 21.6 21.7 21.8 21.9 22.  22.1 22.2 22.3 22.4
 22.5 22.6 22.7 22.8 22.9 23.  23.1 23.2 23.3 23.4 23.5 23.6 23.7 23.8
 23.9 24.  24.1 24.2 24.3 24.4 24.5 24.6 24.7 24.8 24.9 25.  25.1 25.2
 25.3 25.4 25.5 25.6 25.7 25.8 25.9 26.  26.1 26.2 26.3 26.4 26.5 26.6
 26.7 26.8 26.9 27.  27.1 27.2 27.3 27.4 27.5 27.6 27.7 27.8 27.9 28.
 28.1 28.2 28.3 28.4 28.5 28.6 28.7 28.8 28.9 29.  29.1 29.2 29.3 29.4
 29.5 29.6 29.7 29.8 29.9 30. ]","[[3.789e-10]
 [3.733e-10]
 [3.681e-10]
 [3.635e-10]
 [3.594e-10]
 [3.557e-10]
 [3.522e-10]
 [3.489e-10]
 [3.456e-10]
 [3.426e-10]
 [3.398e-10]
 [3.374e-10]
 [3.349e-10]
 [3.325e-10]
 [3.303e-10]
 [3.280e-10]
 [3.260e-10]
 [3.243e-10]
 [3.224e-10]
 [3.205e-10]
 [3.187e-10]
 [3.171e-10]
 [3.155e-10]
 [3.140e-10]
 [3.124e-10]
 [3.110e-10]
 [3.096e-10]
 [3.083e-10]
 [3.070e-10]
 [3.060e-10]
 [3.049e-10]
 [3.038e-10]
 [3.027e-10]
 [3.018e-10]
 [3.010e-10]
 [3.003e-10]
 [2.997e-10]
 [2.990e-10]
 [2.984e-10]
 [2.978e-10]
 [2.972e-10]
 [2.964e-10]
 [2.956e-10]
 [2.947e-10]
 [2.939e-10]
 [2.931e-10]
 [2.923e-10]
 [2.915e-10]
 [2.909e-10]
 [2.902e-10]
 [2.897e-10]
 [2.890e-10]
 [2.886e-10]
 [2.882e-10]
 [2.877e-10]
 [2.872e-10]
 [2.865e-10]
 [2.860e-10]
 [2.854e-10]
 [2.850e-10]
 [2.845e-10]
 [2.840e-10]
 [2.836e-10]
 [2.831e-10]
 [2.828e-10]
 [2.825e-10]
 [2.821e-10]
 [2.817e-10]
 [2.814e-10]
 [2.810e-10]
 [2.805e-10]
 [2.801e-10]
 [2.795e-10]
 [2.791e-10]
 [2.785e-10]
 [2.781e-10]
 [2.777e-10]
 [2.772e-10]
 [2.769e-10]
 [2.765e-10]
 [2.763e-10]
 [2.761e-10]
 [2.759e-10]
 [2.757e-10]
 [2.755e-10]
 [2.753e-10]
 [2.751e-10]
 [2.750e-10]
 [2.748e-10]
 [2.746e-10]
 [2.746e-10]
 [2.745e-10]
 [2.743e-10]
 [2.742e-10]
 [2.741e-10]
 [2.738e-10]
 [2.736e-10]
 [2.733e-10]
 [2.730e-10]
 [2.728e-10]
 [2.725e-10]
 [2.722e-10]
 [2.719e-10]
 [2.715e-10]
 [2.713e-10]
 [2.711e-10]
 [2.709e-10]
 [2.706e-10]
 [2.705e-10]
 [2.704e-10]
 [2.703e-10]
 [2.701e-10]
 [2.698e-10]
 [2.694e-10]
 [2.691e-10]
 [2.688e-10]
 [2.684e-10]
 [2.679e-10]
 [2.675e-10]
 [2.670e-10]
 [2.667e-10]
 [2.663e-10]
 [2.660e-10]
 [2.657e-10]
 [2.655e-10]
 [2.652e-10]
 [2.650e-10]
 [2.648e-10]
 [2.647e-10]
 [2.647e-10]
 [2.646e-10]
 [2.646e-10]
 [2.646e-10]
 [2.645e-10]
 [2.644e-10]
 [2.643e-10]
 [2.642e-10]
 [2.641e-10]
 [2.641e-10]
 [2.641e-10]
 [2.640e-10]
 [2.640e-10]
 [2.639e-10]
 [2.635e-10]
 [2.631e-10]
 [2.626e-10]
 [2.622e-10]
 [2.616e-10]
 [2.614e-10]
 [2.614e-10]
 [2.612e-10]
 [2.610e-10]
 [2.609e-10]
 [2.608e-10]
 [2.606e-10]
 [2.606e-10]
 [2.605e-10]
 [2.604e-10]
 [2.604e-10]
 [2.603e-10]
 [2.602e-10]
 [2.601e-10]
 [2.600e-10]
 [2.598e-10]
 [2.598e-10]
 [2.596e-10]
 [2.596e-10]
 [2.595e-10]
 [2.594e-10]
 [2.594e-10]
 [2.594e-10]
 [2.592e-10]
 [2.592e-10]
 [2.590e-10]
 [2.587e-10]
 [2.585e-10]
 [2.582e-10]
 [2.579e-10]
 [2.577e-10]
 [2.574e-10]
 [2.574e-10]
 [2.572e-10]
 [2.571e-10]
 [2.570e-10]
 [2.568e-10]
 [2.566e-10]
 [2.564e-10]
 [2.563e-10]
 [2.561e-10]
 [2.559e-10]
 [2.557e-10]
 [2.556e-10]
 [2.553e-10]
 [2.550e-10]
 [2.547e-10]
 [2.543e-10]
 [2.541e-10]
 [2.538e-10]
 [2.535e-10]
 [2.532e-10]
 [2.532e-10]
 [2.529e-10]
 [2.528e-10]
 [2.526e-10]
 [2.525e-10]
 [2.524e-10]
 [2.522e-10]
 [2.522e-10]
 [2.521e-10]
 [2.519e-10]
 [2.519e-10]
 [2.518e-10]
 [2.516e-10]
 [2.515e-10]
 [2.514e-10]
 [2.512e-10]
 [2.510e-10]
 [2.508e-10]
 [2.505e-10]
 [2.503e-10]
 [2.501e-10]
 [2.499e-10]
 [2.497e-10]
 [2.495e-10]
 [2.494e-10]
 [2.492e-10]
 [2.491e-10]
 [2.490e-10]
 [2.489e-10]
 [2.486e-10]
 [2.485e-10]
 [2.483e-10]
 [2.482e-10]
 [2.482e-10]
 [2.481e-10]
 [2.480e-10]
 [2.478e-10]
 [2.478e-10]
 [2.477e-10]
 [2.476e-10]
 [2.477e-10]
 [2.477e-10]
 [2.475e-10]
 [2.474e-10]
 [2.476e-10]
 [2.474e-10]
 [2.473e-10]
 [2.474e-10]
 [2.471e-10]
 [2.470e-10]
 [2.468e-10]
 [2.466e-10]
 [2.464e-10]
 [2.462e-10]
 [2.461e-10]
 [2.458e-10]
 [2.457e-10]
 [2.455e-10]
 [2.453e-10]
 [2.452e-10]
 [2.451e-10]
 [2.449e-10]
 [2.447e-10]
 [2.446e-10]
 [2.444e-10]
 [2.444e-10]
 [2.442e-10]
 [2.442e-10]
 [2.441e-10]
 [2.441e-10]
 [2.442e-10]
 [2.441e-10]
 [2.441e-10]
 [2.441e-10]
 [2.440e-10]
 [2.441e-10]
 [2.441e-10]
 [2.441e-10]
 [2.441e-10]
 [2.442e-10]
 [2.441e-10]
 [2.442e-10]
 [2.442e-10]
 [2.443e-10]
 [2.443e-10]
 [2.443e-10]
 [2.443e-10]
 [2.443e-10]
 [2.443e-10]
 [2.442e-10]
 [2.443e-10]
 [2.443e-10]
 [2.442e-10]
 [2.442e-10]
 [2.442e-10]
 [2.442e-10]
 [2.442e-10]
 [2.441e-10]
 [2.440e-10]
 [2.440e-10]]",2.441888888888889e-10,1
6,7_IT_1.txt,63.375,"[ 0.1  0.2  0.3  0.4  0.5  0.6  0.7  0.8  0.9  1.   1.1  1.2  1.3  1.4
  1.5  1.6  1.7  1.8  1.9  2.   2.1  2.2  2.3  2.4  2.5  2.6  2.7  2.8
  2.9  3.   3.1  3.2  3.3  3.4  3.5  3.6  3.7  3.8  3.9  4.   4.1  4.2
  4.3  4.4  4.5  4.6  4.7  4.8  4.9  5.   5.1  5.2  5.3  5.4  5.5  5.6
  5.7  5.8  5.9  6.   6.1  6.2  6.3  6.4  6.5  6.6  6.7  6.8  6.9  7.
  7.1  7.2  7.3  7.4  7.5  7.6  7.7  7.8  7.9  8.   8.1  8.2  8.3  8.4
  8.5  8.6  8.7  8.8  8.9  9.   9.1  9.2  9.3  9.4  9.5  9.6  9.7  9.8
  9.9 10.  10.1 10.2 10.3 10.4 10.5 10.6 10.7 10.8 10.9 11.  11.1 11.2
 11.3 11.4 11.5 11.6 11.7 11.8 11.9 12.  12.1 12.2 12.3 12.4 12.5 12.6
 12.7 12.8 12.9 13.  13.1 13.2 13.3 13.4 13.5 13.6 13.7 13.8 13.9 14.
 14.1 14.2 14.3 14.4 14.5 14.6 14.7 14.8 14.9 15.  15.1 15.2 15.3 15.4
 15.5 15.6 15.7 15.8 15.9 16.  16.1 16.2 16.3 16.4 16.5 16.6 16.7 16.8
 16.9 17.  17.1 17.2 17.3 17.4 17.5 17.6 17.7 17.8 17.9 18.  18.1 18.2
 18.3 18.4 18.5 18.6 18.7 18.8 18.9 19.  19.1 19.2 19.3 19.4 19.5 19.6
 19.7 19.8 19.9 20.  20.1 20.2 20.3 20.4 20.5 20.6 20.7 20.8 20.9 21.
 21.1 21.2 21.3 21.4 21.5 21.6 21.7 21.8 21.9 22.  22.1 22.2 22.3 22.4
 22.5 22.6 22.7 22.8 22.9 23.  23.1 23.2 23.3 23.4 23.5 23.6 23.7 23.8
 23.9 24.  24.1 24.2 24.3 24.4 24.5 24.6 24.7 24.8 24.9 25.  25.1 25.2
 25.3 25.4 25.5 25.6 25.7 25.8 25.9 26.  26.1 26.2 26.3 26.4 26.5 26.6
 26.7 26.8 26.9 27.  27.1 27.2 27.3 27.4 27.5 27.6 27.7 27.8 27.9 28.
 28.1 28.2 28.3 28.4 28.5 28.6 28.7 28.8 28.9 29.  29.1 29.2 29.3 29.4
 29.5 29.6 29.7 29.8 29.9 30. ]","[[2.189e-10]
 [2.139e-10]
 [2.092e-10]
 [2.050e-10]
 [2.011e-10]
 [1.974e-10]
 [1.940e-10]
 [1.911e-10]
 [1.881e-10]
 [1.854e-10]
 [1.828e-10]
 [1.803e-10]
 [1.781e-10]
 [1.758e-10]
 [1.737e-10]
 [1.719e-10]
 [1.701e-10]
 [1.684e-10]
 [1.668e-10]
 [1.652e-10]
 [1.637e-10]
 [1.623e-10]
 [1.610e-10]
 [1.598e-10]
 [1.585e-10]
 [1.573e-10]
 [1.562e-10]
 [1.551e-10]
 [1.542e-10]
 [1.534e-10]
 [1.526e-10]
 [1.518e-10]
 [1.511e-10]
 [1.503e-10]
 [1.496e-10]
 [1.489e-10]
 [1.481e-10]
 [1.474e-10]
 [1.468e-10]
 [1.463e-10]
 [1.457e-10]
 [1.452e-10]
 [1.447e-10]
 [1.443e-10]
 [1.436e-10]
 [1.431e-10]
 [1.427e-10]
 [1.422e-10]
 [1.417e-10]
 [1.411e-10]
 [1.406e-10]
 [1.402e-10]
 [1.397e-10]
 [1.393e-10]
 [1.389e-10]
 [1.385e-10]
 [1.381e-10]
 [1.377e-10]
 [1.373e-10]
 [1.368e-10]
 [1.365e-10]
 [1.362e-10]
 [1.359e-10]
 [1.356e-10]
 [1.353e-10]
 [1.350e-10]
 [1.347e-10]
 [1.344e-10]
 [1.341e-10]
 [1.338e-10]
 [1.336e-10]
 [1.333e-10]
 [1.330e-10]
 [1.327e-10]
 [1.325e-10]
 [1.323e-10]
 [1.320e-10]
 [1.318e-10]
 [1.316e-10]
 [1.313e-10]
 [1.312e-10]
 [1.309e-10]
 [1.307e-10]
 [1.304e-10]
 [1.301e-10]
 [1.298e-10]
 [1.297e-10]
 [1.294e-10]
 [1.292e-10]
 [1.290e-10]
 [1.288e-10]
 [1.285e-10]
 [1.283e-10]
 [1.282e-10]
 [1.279e-10]
 [1.277e-10]
 [1.275e-10]
 [1.274e-10]
 [1.275e-10]
 [1.273e-10]
 [1.269e-10]
 [1.268e-10]
 [1.267e-10]
 [1.264e-10]
 [1.263e-10]
 [1.261e-10]
 [1.259e-10]
 [1.258e-10]
 [1.257e-10]
 [1.253e-10]
 [1.251e-10]
 [1.250e-10]
 [1.248e-10]
 [1.246e-10]
 [1.245e-10]
 [1.243e-10]
 [1.241e-10]
 [1.239e-10]
 [1.238e-10]
 [1.237e-10]
 [1.235e-10]
 [1.235e-10]
 [1.235e-10]
 [1.237e-10]
 [1.238e-10]
 [1.240e-10]
 [1.242e-10]
 [1.244e-10]
 [1.245e-10]
 [1.248e-10]
 [1.249e-10]
 [1.251e-10]
 [1.252e-10]
 [1.252e-10]
 [1.253e-10]
 [1.254e-10]
 [1.254e-10]
 [1.254e-10]
 [1.255e-10]
 [1.254e-10]
 [1.254e-10]
 [1.254e-10]
 [1.254e-10]
 [1.254e-10]
 [1.254e-10]
 [1.254e-10]
 [1.255e-10]
 [1.256e-10]
 [1.256e-10]
 [1.257e-10]
 [1.258e-10]
 [1.259e-10]
 [1.259e-10]
 [1.260e-10]
 [1.262e-10]
 [1.262e-10]
 [1.261e-10]
 [1.261e-10]
 [1.261e-10]
 [1.260e-10]
 [1.259e-10]
 [1.258e-10]
 [1.256e-10]
 [1.256e-10]
 [1.254e-10]
 [1.252e-10]
 [1.250e-10]
 [1.249e-10]
 [1.247e-10]
 [1.245e-10]
 [1.243e-10]
 [1.241e-10]
 [1.239e-10]
 [1.237e-10]
 [1.236e-10]
 [1.234e-10]
 [1.231e-10]
 [1.229e-10]
 [1.227e-10]
 [1.226e-10]
 [1.224e-10]
 [1.222e-10]
 [1.221e-10]
 [1.219e-10]
 [1.217e-10]
 [1.216e-10]
 [1.214e-10]
 [1.212e-10]
 [1.210e-10]
 [1.210e-10]
 [1.208e-10]
 [1.207e-10]
 [1.205e-10]
 [1.204e-10]
 [1.202e-10]
 [1.201e-10]
 [1.200e-10]
 [1.199e-10]
 [1.198e-10]
 [1.197e-10]
 [1.195e-10]
 [1.195e-10]
 [1.194e-10]
 [1.192e-10]
 [1.191e-10]
 [1.190e-10]
 [1.190e-10]
 [1.188e-10]
 [1.186e-10]
 [1.185e-10]
 [1.185e-10]
 [1.185e-10]
 [1.185e-10]
 [1.184e-10]
 [1.182e-10]
 [1.180e-10]
 [1.181e-10]
 [1.181e-10]
 [1.180e-10]
 [1.180e-10]
 [1.179e-10]
 [1.178e-10]
 [1.177e-10]
 [1.178e-10]
 [1.177e-10]
 [1.176e-10]
 [1.176e-10]
 [1.174e-10]
 [1.174e-10]
 [1.174e-10]
 [1.173e-10]
 [1.173e-10]
 [1.172e-10]
 [1.172e-10]
 [1.172e-10]
 [1.172e-10]
 [1.171e-10]
 [1.171e-10]
 [1.170e-10]
 [1.170e-10]
 [1.170e-10]
 [1.169e-10]
 [1.169e-10]
 [1.169e-10]
 [1.169e-10]
 [1.169e-10]
 [1.170e-10]
 [1.170e-10]
 [1.171e-10]
 [1.171e-10]
 [1.172e-10]
 [1.173e-10]
 [1.173e-10]
 [1.174e-10]
 [1.174e-10]
 [1.175e-10]
 [1.175e-10]
 [1.174e-10]
 [1.174e-10]
 [1.174e-10]
 [1.173e-10]
 [1.173e-10]
 [1.172e-10]
 [1.172e-10]
 [1.171e-10]
 [1.171e-10]
 [1.170e-10]
 [1.171e-10]
 [1.170e-10]
 [1.170e-10]
 [1.170e-10]
 [1.169e-10]
 [1.169e-10]
 [1.167e-10]
 [1.166e-10]
 [1.165e-10]
 [1.166e-10]
 [1.167e-10]
 [1.165e-10]
 [1.164e-10]
 [1.163e-10]
 [1.162e-10]
 [1.160e-10]
 [1.160e-10]
 [1.158e-10]
 [1.158e-10]
 [1.158e-10]
 [1.157e-10]
 [1.157e-10]
 [1.156e-10]
 [1.156e-10]
 [1.156e-10]
 [1.155e-10]
 [1.154e-10]
 [1.153e-10]
 [1.152e-10]
 [1.152e-10]
 [1.151e-10]
 [1.151e-10]
 [1.149e-10]]",1.1533333333333332e-10,1
7,8_IT_1.txt,125.75,"[ 0.1  0.2  0.3  0.4  0.5  0.6  0.7  0.8  0.9  1.   1.1  1.2  1.3  1.4
  1.5  1.6  1.7  1.8  1.9  2.   2.1  2.2  2.3  2.4  2.5  2.6  2.7  2.8
  2.9  3.   3.1  3.2  3.3  3.4  3.5  3.6  3.7  3.8  3.9  4.   4.1  4.2
  4.3  4.4  4.5  4.6  4.7  4.8  4.9  5.   5.1  5.2  5.3  5.4  5.5  5.6
  5.7  5.8  5.9  6.   6.1  6.2  6.3  6.4  6.5  6.6  6.7  6.8  6.9  7.
  7.1  7.2  7.3  7.4  7.5  7.6  7.7  7.8  7.9  8.   8.1  8.2  8.3  8.4
  8.5  8.6  8.7  8.8  8.9  9.   9.1  9.2  9.3  9.4  9.5  9.6  9.7  9.8
  9.9 10.  10.1 10.2 10.3 10.4 10.5 10.6 10.7 10.8 10.9 11.  11.1 11.2
 11.3 11.4 11.5 11.6 11.7 11.8 11.9 12.  12.1 12.2 12.3 12.4 12.5 12.6
 12.7 12.8 12.9 13.  13.1 13.2 13.3 13.4 13.5 13.6 13.7 13.8 13.9 14.
 14.1 14.2 14.3 14.4 14.5 14.6 14.7 14.8 14.9 15.  15.1 15.2 15.3 15.4
 15.5 15.6 15.7 15.8 15.9 16.  16.1 16.2 16.3 16.4 16.5 16.6 16.7 16.8
 16.9 17.  17.1 17.2 17.3 17.4 17.5 17.6 17.7 17.8 17.9 18.  18.1 18.2
 18.3 18.4 18.5 18.6 18.7 18.8 18.9 19.  19.1 19.2 19.3 19.4 19.5 19.6
 19.7 19.8 19.9 20.  20.1 20.2 20.3 20.4 20.5 20.6 20.7 20.8 20.9 21.
 21.1 21.2 21.3 21.4 21.5 21.6 21.7 21.8 21.9 22.  22.1 22.2 22.3 22.4
 22.5 22.6 22.7 22.8 22.9 23.  23.1 23.2 23.3 23.4 23.5 23.6 23.7 23.8
 23.9 24.  24.1 24.2 24.3 24.4 24.5 24.6 24.7 24.8 24.9 25.  25.1 25.2
 25.3 25.4 25.5 25.6 25.7 25.8 25.9 26.  26.1 26.2 26.3 26.4 26.5 26.6
 26.7 26.8 26.9 27.  27.1 27.2 27.3 27.4 27.5 27.6 27.7 27.8 27.9 28.
 28.1 28.2 28.3 28.4 28.5 28.6 28.7 28.8 28.9 29.  29.1 29.2 29.3 29.4
 29.5 29.6 29.7 29.8 29.9 30. ]","[[2.520e-10]
 [2.463e-10]
 [2.411e-10]
 [2.369e-10]
 [2.331e-10]
 [2.296e-10]
 [2.259e-10]
 [2.219e-10]
 [2.188e-10]
 [2.160e-10]
 [2.136e-10]
 [2.112e-10]
 [2.089e-10]
 [2.068e-10]
 [2.049e-10]
 [2.038e-10]
 [2.036e-10]
 [2.033e-10]
 [2.027e-10]
 [2.020e-10]
 [2.009e-10]
 [1.994e-10]
 [1.979e-10]
 [1.965e-10]
 [1.953e-10]
 [1.938e-10]
 [1.923e-10]
 [1.910e-10]
 [1.896e-10]
 [1.883e-10]
 [1.871e-10]
 [1.863e-10]
 [1.856e-10]
 [1.847e-10]
 [1.839e-10]
 [1.829e-10]
 [1.822e-10]
 [1.813e-10]
 [1.807e-10]
 [1.800e-10]
 [1.795e-10]
 [1.791e-10]
 [1.786e-10]
 [1.778e-10]
 [1.771e-10]
 [1.764e-10]
 [1.757e-10]
 [1.749e-10]
 [1.740e-10]
 [1.733e-10]
 [1.726e-10]
 [1.720e-10]
 [1.716e-10]
 [1.714e-10]
 [1.708e-10]
 [1.701e-10]
 [1.697e-10]
 [1.693e-10]
 [1.689e-10]
 [1.687e-10]
 [1.682e-10]
 [1.676e-10]
 [1.672e-10]
 [1.666e-10]
 [1.660e-10]
 [1.655e-10]
 [1.651e-10]
 [1.647e-10]
 [1.642e-10]
 [1.638e-10]
 [1.635e-10]
 [1.633e-10]
 [1.631e-10]
 [1.630e-10]
 [1.628e-10]
 [1.627e-10]
 [1.625e-10]
 [1.625e-10]
 [1.622e-10]
 [1.621e-10]
 [1.621e-10]
 [1.618e-10]
 [1.615e-10]
 [1.614e-10]
 [1.611e-10]
 [1.607e-10]
 [1.605e-10]
 [1.603e-10]
 [1.600e-10]
 [1.598e-10]
 [1.595e-10]
 [1.593e-10]
 [1.590e-10]
 [1.588e-10]
 [1.585e-10]
 [1.583e-10]
 [1.581e-10]
 [1.579e-10]
 [1.576e-10]
 [1.574e-10]
 [1.573e-10]
 [1.570e-10]
 [1.569e-10]
 [1.568e-10]
 [1.565e-10]
 [1.565e-10]
 [1.564e-10]
 [1.563e-10]
 [1.562e-10]
 [1.561e-10]
 [1.560e-10]
 [1.559e-10]
 [1.558e-10]
 [1.558e-10]
 [1.558e-10]
 [1.557e-10]
 [1.555e-10]
 [1.554e-10]
 [1.553e-10]
 [1.552e-10]
 [1.550e-10]
 [1.550e-10]
 [1.549e-10]
 [1.548e-10]
 [1.547e-10]
 [1.546e-10]
 [1.546e-10]
 [1.544e-10]
 [1.542e-10]
 [1.540e-10]
 [1.538e-10]
 [1.536e-10]
 [1.532e-10]
 [1.529e-10]
 [1.528e-10]
 [1.527e-10]
 [1.525e-10]
 [1.525e-10]
 [1.524e-10]
 [1.522e-10]
 [1.519e-10]
 [1.518e-10]
 [1.518e-10]
 [1.519e-10]
 [1.517e-10]
 [1.518e-10]
 [1.520e-10]
 [1.519e-10]
 [1.519e-10]
 [1.518e-10]
 [1.518e-10]
 [1.519e-10]
 [1.519e-10]
 [1.517e-10]
 [1.519e-10]
 [1.518e-10]
 [1.515e-10]
 [1.511e-10]
 [1.509e-10]
 [1.507e-10]
 [1.502e-10]
 [1.499e-10]
 [1.495e-10]
 [1.490e-10]
 [1.486e-10]
 [1.482e-10]
 [1.481e-10]
 [1.480e-10]
 [1.477e-10]
 [1.475e-10]
 [1.472e-10]
 [1.470e-10]
 [1.468e-10]
 [1.468e-10]
 [1.468e-10]
 [1.468e-10]
 [1.467e-10]
 [1.467e-10]
 [1.467e-10]
 [1.467e-10]
 [1.466e-10]
 [1.466e-10]
 [1.466e-10]
 [1.465e-10]
 [1.464e-10]
 [1.463e-10]
 [1.462e-10]
 [1.462e-10]
 [1.462e-10]
 [1.461e-10]
 [1.459e-10]
 [1.458e-10]
 [1.456e-10]
 [1.456e-10]
 [1.456e-10]
 [1.456e-10]
 [1.456e-10]
 [1.457e-10]
 [1.458e-10]
 [1.460e-10]
 [1.463e-10]
 [1.465e-10]
 [1.468e-10]
 [1.470e-10]
 [1.474e-10]
 [1.475e-10]
 [1.475e-10]
 [1.474e-10]
 [1.474e-10]
 [1.474e-10]
 [1.472e-10]
 [1.472e-10]
 [1.472e-10]
 [1.471e-10]
 [1.469e-10]
 [1.465e-10]
 [1.461e-10]
 [1.458e-10]
 [1.455e-10]
 [1.454e-10]
 [1.452e-10]
 [1.451e-10]
 [1.451e-10]
 [1.450e-10]
 [1.450e-10]
 [1.449e-10]
 [1.449e-10]
 [1.451e-10]
 [1.451e-10]
 [1.452e-10]
 [1.450e-10]
 [1.449e-10]
 [1.448e-10]
 [1.447e-10]
 [1.446e-10]
 [1.445e-10]
 [1.443e-10]
 [1.441e-10]
 [1.440e-10]
 [1.440e-10]
 [1.440e-10]
 [1.439e-10]
 [1.439e-10]
 [1.439e-10]
 [1.438e-10]
 [1.437e-10]
 [1.437e-10]
 [1.437e-10]
 [1.438e-10]
 [1.438e-10]
 [1.438e-10]
 [1.439e-10]
 [1.439e-10]
 [1.438e-10]
 [1.437e-10]
 [1.436e-10]
 [1.436e-10]
 [1.434e-10]
 [1.434e-10]
 [1.433e-10]
 [1.433e-10]
 [1.433e-10]
 [1.433e-10]
 [1.433e-10]
 [1.432e-10]
 [1.432e-10]
 [1.430e-10]
 [1.430e-10]
 [1.430e-10]
 [1.430e-10]
 [1.429e-10]
 [1.428e-10]
 [1.426e-10]
 [1.426e-10]
 [1.425e-10]
 [1.424e-10]
 [1.422e-10]
 [1.422e-10]
 [1.421e-10]
 [1.420e-10]
 [1.421e-10]
 [1.421e-10]
 [1.422e-10]
 [1.421e-10]
 [1.421e-10]
 [1.421e-10]
 [1.419e-10]
 [1.418e-10]
 [1.419e-10]
 [1.420e-10]
 [1.419e-10]
 [1.419e-10]
 [1.419e-10]
 [1.418e-10]
 [1.417e-10]
 [1.417e-10]
 [1.416e-10]
 [1.416e-10]
 [1.416e-10]
 [1.416e-10]]",1.4174444444444445e-10,1
8,9_IT_1.txt,375.25,"[ 0.1  0.2  0.3  0.4  0.5  0.6  0.7  0.8  0.9  1.   1.1  1.2  1.3  1.4
  1.5  1.6  1.7  1.8  1.9  2.   2.1  2.2  2.3  2.4  2.5  2.6  2.7  2.8
  2.9  3.   3.1  3.2  3.3  3.4  3.5  3.6  3.7  3.8  3.9  4.   4.1  4.2
  4.3  4.4  4.5  4.6  4.7  4.8  4.9  5.   5.1  5.2  5.3  5.4  5.5  5.6
  5.7  5.8  5.9  6.   6.1  6.2  6.3  6.4  6.5  6.6  6.7  6.8  6.9  7.
  7.1  7.2  7.3  7.4  7.5  7.6  7.7  7.8  7.9  8.   8.1  8.2  8.3  8.4
  8.5  8.6  8.7  8.8  8.9  9.   9.1  9.2  9.3  9.4  9.5  9.6  9.7  9.8
  9.9 10.  10.1 10.2 10.3 10.4 10.5 10.6 10.7 10.8 10.9 11.  11.1 11.2
 11.3 11.4 11.5 11.6 11.7 11.8 11.9 12.  12.1 12.2 12.3 12.4 12.5 12.6
 12.7 12.8 12.9 13.  13.1 13.2 13.3 13.4 13.5 13.6 13.7 13.8 13.9 14.
 14.1 14.2 14.3 14.4 14.5 14.6 14.7 14.8 14.9 15.  15.1 15.2 15.3 15.4
 15.5 15.6 15.7 15.8 15.9 16.  16.1 16.2 16.3 16.4 16.5 16.6 16.7 16.8
 16.9 17.  17.1 17.2 17.3 17.4 17.5 17.6 17.7 17.8 17.9 18.  18.1 18.2
 18.3 18.4 18.5 18.6 18.7 18.8 18.9 19.  19.1 19.2 19.3 19.4 19.5 19.6
 19.7 19.8 19.9 20.  20.1 20.2 20.3 20.4 20.5 20.6 20.7 20.8 20.9 21.
 21.1 21.2 21.3 21.4 21.5 21.6 21.7 21.8 21.9 22.  22.1 22.2 22.3 22.4
 22.5 22.6 22.7 22.8 22.9 23.  23.1 23.2 23.3 23.4 23.5 23.6 23.7 23.8
 23.9 24.  24.1 24.2 24.3 24.4 24.5 24.6 24.7 24.8 24.9 25.  25.1 25.2
 25.3 25.4 25.5 25.6 25.7 25.8 25.9 26.  26.1 26.2 26.3 26.4 26.5 26.6
 26.7 26.8 26.9 27.  27.1 27.2 27.3 27.4 27.5 27.6 27.7 27.8 27.9 28.
 28.1 28.2 28.3 28.4 28.5 28.6 28.7 28.8 28.9 29.  29.1 29.2 29.3 29.4
 29.5 29.6 29.7 29.8 29.9 30. ]","[[3.536e-10]
 [3.475e-10]
 [3.418e-10]
 [3.368e-10]
 [3.320e-10]
 [3.279e-10]
 [3.241e-10]
 [3.203e-10]
 [3.170e-10]
 [3.137e-10]
 [3.107e-10]
 [3.077e-10]
 [3.050e-10]
 [3.025e-10]
 [3.001e-10]
 [2.978e-10]
 [2.956e-10]
 [2.935e-10]
 [2.916e-10]
 [2.898e-10]
 [2.880e-10]
 [2.863e-10]
 [2.847e-10]
 [2.833e-10]
 [2.820e-10]
 [2.805e-10]
 [2.790e-10]
 [2.777e-10]
 [2.764e-10]
 [2.751e-10]
 [2.738e-10]
 [2.727e-10]
 [2.716e-10]
 [2.706e-10]
 [2.696e-10]
 [2.685e-10]
 [2.676e-10]
 [2.667e-10]
 [2.658e-10]
 [2.649e-10]
 [2.641e-10]
 [2.633e-10]
 [2.625e-10]
 [2.617e-10]
 [2.609e-10]
 [2.603e-10]
 [2.596e-10]
 [2.589e-10]
 [2.583e-10]
 [2.576e-10]
 [2.570e-10]
 [2.564e-10]
 [2.558e-10]
 [2.553e-10]
 [2.547e-10]
 [2.541e-10]
 [2.537e-10]
 [2.532e-10]
 [2.527e-10]
 [2.522e-10]
 [2.517e-10]
 [2.512e-10]
 [2.507e-10]
 [2.503e-10]
 [2.498e-10]
 [2.494e-10]
 [2.490e-10]
 [2.485e-10]
 [2.481e-10]
 [2.477e-10]
 [2.473e-10]
 [2.469e-10]
 [2.465e-10]
 [2.461e-10]
 [2.457e-10]
 [2.454e-10]
 [2.451e-10]
 [2.447e-10]
 [2.444e-10]
 [2.440e-10]
 [2.437e-10]
 [2.433e-10]
 [2.430e-10]
 [2.427e-10]
 [2.423e-10]
 [2.422e-10]
 [2.418e-10]
 [2.415e-10]
 [2.413e-10]
 [2.409e-10]
 [2.407e-10]
 [2.403e-10]
 [2.401e-10]
 [2.398e-10]
 [2.395e-10]
 [2.392e-10]
 [2.390e-10]
 [2.387e-10]
 [2.385e-10]
 [2.382e-10]
 [2.380e-10]
 [2.377e-10]
 [2.375e-10]
 [2.373e-10]
 [2.371e-10]
 [2.369e-10]
 [2.366e-10]
 [2.364e-10]
 [2.362e-10]
 [2.360e-10]
 [2.357e-10]
 [2.352e-10]
 [2.350e-10]
 [2.347e-10]
 [2.345e-10]
 [2.343e-10]
 [2.341e-10]
 [2.341e-10]
 [2.339e-10]
 [2.335e-10]
 [2.332e-10]
 [2.328e-10]
 [2.325e-10]
 [2.322e-10]
 [2.320e-10]
 [2.319e-10]
 [2.316e-10]
 [2.315e-10]
 [2.312e-10]
 [2.310e-10]
 [2.308e-10]
 [2.306e-10]
 [2.303e-10]
 [2.301e-10]
 [2.299e-10]
 [2.298e-10]
 [2.297e-10]
 [2.295e-10]
 [2.293e-10]
 [2.294e-10]
 [2.294e-10]
 [2.293e-10]
 [2.291e-10]
 [2.290e-10]
 [2.289e-10]
 [2.287e-10]
 [2.284e-10]
 [2.282e-10]
 [2.282e-10]
 [2.281e-10]
 [2.280e-10]
 [2.279e-10]
 [2.280e-10]
 [2.282e-10]
 [2.284e-10]
 [2.287e-10]
 [2.288e-10]
 [2.291e-10]
 [2.295e-10]
 [2.296e-10]
 [2.298e-10]
 [2.299e-10]
 [2.301e-10]
 [2.301e-10]
 [2.301e-10]
 [2.301e-10]
 [2.302e-10]
 [2.302e-10]
 [2.300e-10]
 [2.298e-10]
 [2.296e-10]
 [2.295e-10]
 [2.293e-10]
 [2.291e-10]
 [2.288e-10]
 [2.287e-10]
 [2.285e-10]
 [2.283e-10]
 [2.280e-10]
 [2.279e-10]
 [2.277e-10]
 [2.275e-10]
 [2.272e-10]
 [2.270e-10]
 [2.270e-10]
 [2.268e-10]
 [2.267e-10]
 [2.265e-10]
 [2.263e-10]
 [2.261e-10]
 [2.260e-10]
 [2.259e-10]
 [2.257e-10]
 [2.257e-10]
 [2.257e-10]
 [2.256e-10]
 [2.255e-10]
 [2.253e-10]
 [2.253e-10]
 [2.252e-10]
 [2.252e-10]
 [2.251e-10]
 [2.250e-10]
 [2.248e-10]
 [2.246e-10]
 [2.245e-10]
 [2.242e-10]
 [2.240e-10]
 [2.238e-10]
 [2.236e-10]
 [2.235e-10]
 [2.234e-10]
 [2.232e-10]
 [2.228e-10]
 [2.226e-10]
 [2.227e-10]
 [2.225e-10]
 [2.225e-10]
 [2.222e-10]
 [2.221e-10]
 [2.218e-10]
 [2.215e-10]
 [2.212e-10]
 [2.209e-10]
 [2.207e-10]
 [2.205e-10]
 [2.202e-10]
 [2.202e-10]
 [2.200e-10]
 [2.196e-10]
 [2.193e-10]
 [2.190e-10]
 [2.188e-10]
 [2.187e-10]
 [2.186e-10]
 [2.186e-10]
 [2.185e-10]
 [2.184e-10]
 [2.182e-10]
 [2.181e-10]
 [2.181e-10]
 [2.182e-10]
 [2.181e-10]
 [2.181e-10]
 [2.180e-10]
 [2.180e-10]
 [2.181e-10]
 [2.181e-10]
 [2.181e-10]
 [2.180e-10]
 [2.180e-10]
 [2.180e-10]
 [2.181e-10]
 [2.182e-10]
 [2.183e-10]
 [2.183e-10]
 [2.184e-10]
 [2.185e-10]
 [2.187e-10]
 [2.187e-10]
 [2.187e-10]
 [2.188e-10]
 [2.189e-10]
 [2.189e-10]
 [2.188e-10]
 [2.187e-10]
 [2.185e-10]
 [2.184e-10]
 [2.182e-10]
 [2.181e-10]
 [2.180e-10]
 [2.180e-10]
 [2.179e-10]
 [2.179e-10]
 [2.179e-10]
 [2.178e-10]
 [2.179e-10]
 [2.179e-10]
 [2.179e-10]
 [2.178e-10]
 [2.178e-10]
 [2.177e-10]
 [2.176e-10]
 [2.175e-10]
 [2.175e-10]
 [2.176e-10]
 [2.175e-10]
 [2.173e-10]
 [2.173e-10]
 [2.171e-10]
 [2.170e-10]
 [2.168e-10]
 [2.168e-10]
 [2.167e-10]
 [2.166e-10]
 [2.166e-10]
 [2.165e-10]
 [2.164e-10]
 [2.164e-10]
 [2.163e-10]]",2.1664444444444445e-10,1
